"Tumour","Tumours.ID","Crude.incidence.rate.per.100.000","n_orphan_designations","n_orphan_approvals","approval_rate","n_withdrawed","withdrawal_rate","total_publications","total_publications_od","n_trials","n_orphan_true","Research_score","Normalised_research_score","no_activity","research_group","rank","top_bottom_group","group"
"Plasmacytoma/Multiple Myeloma (and Heavy chain diseases)",129,"5,70929",174,27,"0,16",33,"0,19",98542,1314,2046,2369,"0,86","0,36",FALSE,"Well-researched",1,"Top 10","Full research"
"Acute promyelocytic leukemia (AML with t(15;17) with variants",5,"0,11975",263,19,"0,07",40,"0,15",15098,15135,2149,1132,"0,86","2,49",FALSE,"Well-researched",2,"Top 10","Full research"
"AML",4,"3,49739",254,18,"0,07",39,"0,15",104980,26179,2103,1095,"0,85","0,45",FALSE,"Well-researched",3,"Top 10","Full research"
"Precursor B/T lymphoblastic leukaemia/lymphoblastic lymphoma (and Burkitt leukemia/lymphoma)",54,"1,45509",98,20,"0,2",14,"0,14",49041,9291,949,653,"0,57","0,47",FALSE,"Well-researched",4,"Top 10","Full research"
"Follicular B lymphoma",152,"2,19244",53,19,"0,36",8,"0,15",15376,3748,416,281,"0,44","0,3",FALSE,"Well-researched",5,"Top 10","Full research"
"Diffuse B lymphoma",144,"4,31804",49,13,"0,27",11,"0,22",38953,8045,950,497,"0,41","0,2",FALSE,"Well-researched",6,"Top 10","Full research"
"Chronic myeloid leukemia",134,"1,11537",70,12,"0,17",17,"0,24",40463,20504,546,261,"0,38","0,36",FALSE,"Well-researched",7,"Top 10","Full research"
"Soft tissue sarcoma of head and neck",161,"0,26089",96,8,"0,08",16,"0,17",33450,5384,384,153,"0,35","0,69",FALSE,"Well-researched",8,"Top 10","Full research"
"Soft tissue sarcoma of limbs ",168,"1,09654",96,8,"0,08",16,"0,17",33450,5384,384,153,"0,35","0,33",FALSE,"Well-researched",9,"Top 10","Full research"
"Soft tissue sarcoma of superficial trunk ",194,"0,49873",96,8,"0,08",16,"0,17",33450,5384,384,153,"0,35","0,5",FALSE,"Well-researched",10,"Top 10","Full research"
"Soft tissue sarcoma of mediastinum ",175,"0,02968",96,8,"0,08",16,"0,17",33450,5384,384,153,"0,35","2,03",FALSE,"Well-researched",11,NA,"Full research"
"Soft tissue sarcoma of heart ",162,"0,01379",96,8,"0,08",16,"0,17",33450,5384,384,153,"0,35","2,98",FALSE,"Well-researched",12,NA,"Full research"
"Soft tissue sarcoma of breast ",53,"0,18288",96,8,"0,08",16,"0,17",33450,5384,384,153,"0,35","0,82",FALSE,"Well-researched",13,NA,"Full research"
"Soft tissue sarcoma of uterus ",195,"0,55261",96,8,"0,08",16,"0,17",33450,5384,384,153,"0,35","0,47",FALSE,"Well-researched",14,NA,"Full research"
"Soft tissue sarcoma of paratestis ",189,"0,03256",96,8,"0,08",16,"0,17",33450,5384,384,153,"0,35","1,94",FALSE,"Well-researched",15,NA,"Full research"
"Soft tissue sarcomas of other genitourinary tract (vulva, vagina, ovary, penis, prostate, testis, kidney, renal pelvis, ureter, bladder, urethra)",45,"0,20171",96,8,"0,08",16,"0,17",33450,5384,384,153,"0,35","0,78",FALSE,"Well-researched",16,NA,"Full research"
"Soft tissue sarcoma of viscera ",196,"0,38326",96,8,"0,08",16,"0,17",33450,5384,384,153,"0,35","0,57",FALSE,"Well-researched",17,NA,"Full research"
"Soft tissue sarcoma of retroperitoneum and peritoneum ",191,"0,31349",96,8,"0,08",16,"0,17",33450,5384,384,153,"0,35","0,63",FALSE,"Well-researched",18,NA,"Full research"
"Soft tissue sarcoma of pelvis ",190,"0,19725",96,8,"0,08",16,"0,17",33450,5384,384,153,"0,35","0,79",FALSE,"Well-researched",19,NA,"Full research"
"Soft tissue sarcoma of skin ",193,"0,30238",96,8,"0,08",16,"0,17",33450,5384,384,153,"0,35","0,64",FALSE,"Well-researched",20,NA,"Full research"
"Soft tissue sarcoma of paraorbit",188,"0,00747",96,8,"0,08",16,"0,17",33450,5384,384,153,"0,35","4,05",FALSE,"Well-researched",21,NA,"Full research"
"Soft tissue sarcoma of brain and other parts of the nervous system ",48,"0,17382",96,8,"0,08",16,"0,17",33450,5384,384,153,"0,35","0,84",FALSE,"Well-researched",22,NA,"Full research"
"Myelodysplastic syndrome with 5q syndrome",181,"0,00996",68,8,"0,12",19,"0,28",41,18,1423,540,"0,34","3,41",FALSE,"Well-researched",23,NA,"Full research"
"Hepatocellular carcinoma, fibrolamellar",100,"0,0247",116,8,"0,07",11,"0,09",907,69,15,7,"0,32","2,04",FALSE,"Well-researched",24,NA,"Full research"
"Other T cell lymphomas and NK cell neoplasms",126,"0,61638",77,7,"0,09",13,"0,17",1703,50,466,91,"0,3","0,38",FALSE,"Well-researched",25,NA,"Full research"
"Mantle cell lymphoma",125,"0,55842",34,9,"0,26",3,"0,09",7823,1859,609,248,"0,3","0,4",FALSE,"Well-researched",26,NA,"Full research"
"Lymph node accessory cell tumors",2,"0,01098",34,9,"0,26",3,"0,09",7823,1859,609,248,"0,3","2,86",FALSE,"Well-researched",27,NA,"Full research"
"T cutaneous lymphoma (Sezary syn, Mycosis fung)",141,"0,35275",53,10,"0,19",6,"0,11",5164,576,93,25,"0,29","0,49",FALSE,"Well-researched",28,NA,"Full research"
"Neuroblastoma and ganglioneuroblastoma",153,"0,09996",60,4,"0,07",4,"0,07",53940,17,368,70,"0,26","0,82",FALSE,"Well-researched",29,NA,"Full research"
"Gastrointestinal stromal sarcoma",154,"0,3004",24,6,"0,25",5,"0,21",15165,4913,186,78,"0,21","0,38",FALSE,"Well-researched",30,NA,"Full research"
"Cholangiocarcinoma of IBT",130,"0,97034",42,3,"0,07",7,"0,17",25552,2823,269,67,"0,2","0,2",FALSE,"Well-researched",31,NA,"Full research"
"Osteogenic sarcoma",185,"0,21257",39,3,"0,08",1,"0,03",48231,3284,158,22,"0,2","0,43",FALSE,"Well-researched",32,NA,"Full research"
"Kaposi's sarcoma",167,"0,2485",13,5,"0,38",3,"0,23",18392,717,87,16,"0,17","0,34",FALSE,"Well-researched",33,NA,"Full research"
"Malignant melanoma of uvea",169,"0,70358",17,3,"0,18",1,"0,06",9292,430,122,19,"0,15","0,18",FALSE,"Well-researched",34,NA,"Full research"
"Neuroendocrine carcinoma of skin",110,"0,19303",12,4,"0,33",1,"0,08",784,27,103,32,"0,14","0,32",FALSE,"Well-researched",35,NA,"Full research"
"Hodgkin lymphoma, classical",136,"2,46322",20,3,"0,15",8,"0,4",4578,822,82,58,"0,14","0,09",FALSE,"Well-researched",36,NA,"Full research"
"Primary peritoneal serous/papillary carcinoma",113,"0,08171",4,2,"0,5",0,"0",5426,160,208,46,"0,13","0,45",FALSE,"Well-researched",37,NA,"Full research"
"Carcinoma of thyroid gland",103,"5,06968",5,2,"0,4",0,"0",17211,71,86,6,"0,13","0,06",FALSE,"Well-researched",38,NA,"Full research"
"Squamous cell carcinoma with variants of oesophagus",76,"3,35747",0,0,"0",0,"0",30341,0,323,0,"0,12","0,07",FALSE,"Well-researched",39,NA,"Published literature and clinical trials"
"Adenocarcinoma with variants of oesophagus",24,"3,26433",7,2,"0,29",2,"0,29",3181,174,214,42,"0,12","0,07",FALSE,"Well-researched",40,NA,"Full research"
"Chronic Myelomonocytic leukemia",135,"0,28993",6,1,"0,17",2,"0,33",3661,126,275,31,"0,12","0,22",FALSE,"Well-researched",41,NA,"Full research"
"Mesothelioma of pleura and pericardium",176,"1,8305",2,1,"0,5",0,"0",13797,752,113,14,"0,11","0,08",FALSE,"Well-researched",42,NA,"Full research"
"Retinoblastoma",192,"0,0549",9,0,"0",0,"0",26165,832,60,18,"0,11","0,47",FALSE,"Well-researched",43,NA,"All except marketing authorisations"
"Squamous cell carcinoma with variants of larynx",73,"4,60944",0,0,"0",0,"0",60102,0,61,0,"0,1","0,05",FALSE,"Well-researched",44,NA,"Published literature and clinical trials"
"Adenocarcinoma with variants of fallopian tube",18,"0,17127",3,2,"0,67",0,"0",1984,16,34,20,"0,1","0,24",FALSE,"Well-researched",45,NA,"Full research"
"Mesothelioma of peritoneum and tunica vaginalis",177,"0,13182",25,0,"0",5,"0,2",2742,200,21,3,"0,1","0,28",FALSE,"Well-researched",46,NA,"All except marketing authorisations"
"Astrocytic tumours of CNS",41,"4,98657",2,0,"0",0,"0",59662,0,44,0,"0,1","0,04",FALSE,"Well-researched",47,NA,"All except marketing authorisations"
"Malignant meningiomas",170,"0,16367",2,0,"0",0,"0",33206,0,48,0,"0,1","0,25",FALSE,"Well-researched",48,NA,"All except marketing authorisations"
"Other myeloproliferative neoplasms",182,"2,16741",1,0,"0",1,"1",57029,30,110,3,"0,1","0,07",FALSE,"Well-researched",49,NA,"All except marketing authorisations"
"Squamous cell carcinoma with variants of oral cavity",59,"3,50645",1,0,"0",0,"0",9285,0,138,0,"0,09","0,05",FALSE,"Well-researched",50,NA,"All except marketing authorisations"
"Large cell carcinoma of lung",72,"3,81177",0,0,"0",0,"0",16379,0,30,0,"0,09","0,05",FALSE,"Well-researched",51,NA,"Published literature and clinical trials"
"Malignant thymoma",174,"0,14478",1,0,"0",0,"0",13950,6,28,0,"0,09","0,24",FALSE,"Well-researched",52,NA,"All except marketing authorisations"
"Adenocarcinoma with variants of ovary",25,"5,95333",1,1,"1",0,"0",7776,0,11,0,"0,09","0,04",FALSE,"Well-researched",53,NA,"Full research"
"Squamous cell carcinoma with variants of prostate",82,"0,01858",0,0,"0",0,"0",2287,0,195,0,"0,09","0,66",FALSE,"Well-researched",54,NA,"Published literature and clinical trials"
"Nephroblastoma",183,"0,12543",0,0,"0",0,"0",15833,0,48,0,"0,09","0,25",FALSE,"Well-researched",55,NA,"Published literature and clinical trials"
"Chondrogenic sarcomas",131,"0,26217",5,0,"0",1,"0,2",11870,22,24,0,"0,09","0,18",FALSE,"Well-researched",56,NA,"All except marketing authorisations"
"Ewing’s sarcoma",148,"0,12403",18,0,"0",3,"0,17",574,2,141,4,"0,09","0,26",FALSE,"Well-researched",57,NA,"All except marketing authorisations"
"Other high grade sarcomas (fibrosarcoma, malignant fibrous histiocytoma)",151,"0,01941",0,0,"0",0,"0",27394,0,46,0,"0,09","0,65",FALSE,"Well-researched",58,NA,"Published literature and clinical trials"
"Well differentiated not functioning endocrine carcinoma of pancreas and digestive tract",94,"1,01189",4,1,"0,25",1,"0,25",2348,9,2,0,"0,09","0,09",FALSE,"Well-researched",59,NA,"Full research"
"Pheochromocytoma, malignant",172,"0,04149",1,0,"0",1,"1",19024,0,7,0,"0,09","0,44",FALSE,"Well-researched",60,NA,"All except marketing authorisations"
"Paraganglioma",187,"0,02215",0,0,"0",0,"0",19024,0,36,0,"0,09","0,6",FALSE,"Well-researched",61,NA,"Published literature and clinical trials"
"Carcinoma of pituitary gland",102,"0,03715",0,0,"0",0,"0",43128,0,2,0,"0,09","0,47",FALSE,"Well-researched",62,NA,"Published literature and clinical trials"
"Squamous cell carcinoma with variants of oropharynx",77,"3,11585",0,0,"0",0,"0",4251,0,76,0,"0,08","0,05",FALSE,"Moderately-researched",63,NA,"Published literature and clinical trials"
"Adenocarcinoma with variants of small intestine",21,"0,58848",0,0,"0",0,"0",5810,0,15,0,"0,08","0,1",FALSE,"Moderately-researched",64,NA,"Published literature and clinical trials"
"Serous (papillary) carcinoma",114,"0,07832",0,0,"0",0,"0",10695,0,6,0,"0,08","0,29",FALSE,"Moderately-researched",65,NA,"Published literature and clinical trials"
"Choriocarcinoma of placenta",133,"0,02247",0,0,"0",0,"0",7044,0,0,0,"0,08","0,53",FALSE,"Moderately-researched",66,NA,"Only published literature"
"Seminomatous testicular cancer",57,"1,82028",1,1,"1",0,"0",1237,39,59,15,"0,08","0,06",FALSE,"Moderately-researched",67,NA,"Full research"
"Adenocarcinoma with variants of bladder",11,"0,29702",0,0,"0",0,"0",8377,0,9,0,"0,08","0,15",FALSE,"Moderately-researched",68,NA,"Published literature and clinical trials"
"Heptatoblastoma",163,"0,02279",3,0,"0",0,"0",5049,137,29,4,"0,08","0,53",FALSE,"Moderately-researched",69,NA,"All except marketing authorisations"
"Notochordal sarcomas, chordoma",132,"0,07309",0,0,"0",0,"0",6066,0,0,0,"0,08","0,3",FALSE,"Moderately-researched",70,NA,"Only published literature"
"Vascular sarcomas",197,"0,00823",0,0,"0",0,"0",14365,0,1,0,"0,08","0,88",FALSE,"Moderately-researched",71,NA,"Published literature and clinical trials"
"Poorly differentiated endocrine carcinoma of pancreas and digestive tract",96,"0,66521",7,0,"0",0,"0",1845,0,14,0,"0,08","0,1",FALSE,"Moderately-researched",72,NA,"All except marketing authorisations"
"Endocrine carcinoma of thyroid gland",99,"0,24231",0,0,"0",0,"0",8476,0,0,0,"0,08","0,16",FALSE,"Moderately-researched",73,NA,"Only published literature"
"Neuroendocrine carcinoma of other sites",109,"0,90133",7,0,"0",0,"0",2782,0,18,0,"0,08","0,08",FALSE,"Moderately-researched",74,NA,"All except marketing authorisations"
"Carcinomas od parathyroid gland",101,"0,02617",1,1,"1",0,"0",2304,24,6,0,"0,08","0,49",FALSE,"Moderately-researched",75,NA,"Full research"
"Carcinoma of adrenal cortex",37,"0,21857",5,0,"0",2,"0,4",5354,9,54,0,"0,08","0,17",FALSE,"Moderately-researched",76,NA,"All except marketing authorisations"
"Neuronal and mixed neuronal-glial tumors",160,"0,00472",0,0,"0",0,"0",11103,0,0,0,"0,08","1,16",FALSE,"Well-researched",77,NA,"Only published literature"
"Hairy cell leukaemia",123,"0,27927",6,2,"0,33",3,"0,5",199,103,80,10,"0,08","0,15",FALSE,"Well-researched",78,NA,"Full research"
"Prolymphocytic leukaemia, B cell",124,"0,05132",4,0,"0",1,"0,25",1724,1,86,1,"0,08","0,35",FALSE,"Well-researched",79,NA,"All except marketing authorisations"
"Squamous cell carcinoma with variants of nasopharynx",75,"0,11401",0,0,"0",0,"0",1282,0,43,0,"0,07","0,21",FALSE,"Moderately-researched",80,NA,"Published literature and clinical trials"
"Epithelial tumours of major salivary glands",147,"0,96089",0,0,"0",0,"0",2670,0,0,0,"0,07","0,07",FALSE,"Moderately-researched",81,NA,"Only published literature"
"Squamous cell carcinoma with variants of hypopharynx",67,"1,2657",0,0,"0",0,"0",2577,0,61,0,"0,07","0,06",FALSE,"Moderately-researched",82,NA,"Published literature and clinical trials"
"Squamous cell carcinoma with variants of lip",74,"1,02032",0,0,"0",0,"0",2680,0,1,0,"0,07","0,07",FALSE,"Moderately-researched",83,NA,"Published literature and clinical trials"
"Undifferentiated carcinoma of oesophagus",111,"0,04436",7,1,"0,14",2,"0,29",207,10,2,0,"0,07","0,33",FALSE,"Moderately-researched",84,NA,"Full research"
"Squamous cell carcinoma with variants of stomach",85,"0,11535",0,0,"0",0,"0",4435,0,5,0,"0,07","0,21",FALSE,"Moderately-researched",85,NA,"Published literature and clinical trials"
"Squamous cell carcinoma with variants of colon",63,"0,02553",0,0,"0",0,"0",3334,0,0,0,"0,07","0,44",FALSE,"Moderately-researched",86,NA,"Only published literature"
"Paget's disease of anal canal",40,"0,00134",0,0,"0",0,"0",2740,0,9,0,"0,07","1,91",FALSE,"Moderately-researched",87,NA,"Published literature and clinical trials"
"Intraductal papillary mucinous carcinoma invasive of pancreas",106,"0,01104",0,0,"0",0,"0",2175,0,4,0,"0,07","0,67",FALSE,"Moderately-researched",88,NA,"Published literature and clinical trials"
"Special types of adenocarcinoma of breast",12,"3,06479",0,0,"0",0,"0",4473,0,0,0,"0,07","0,04",FALSE,"Moderately-researched",89,NA,"Only published literature"
"Squamous cell carcinoma with variants of cervix uteri",62,"4,7304",0,0,"0",0,"0",3081,0,38,0,"0,07","0,03",FALSE,"Moderately-researched",90,NA,"Published literature and clinical trials"
"Adenocarcinoma with variants of cervix uteri",15,"0,90976",0,0,"0",0,"0",1940,0,44,0,"0,07","0,07",FALSE,"Moderately-researched",91,NA,"Published literature and clinical trials"
"Malignant/Immature teratomas of ovary",166,"0,05317",0,0,"0",0,"0",2992,0,3,0,"0,07","0,3",FALSE,"Moderately-researched",92,NA,"Published literature and clinical trials"
"Germ cell tumour of ovary",121,"0,07264",0,0,"0",0,"0",4749,0,3,0,"0,07","0,26",FALSE,"Moderately-researched",93,NA,"Published literature and clinical trials"
"Squamous cell carcinoma with variants of vulva and vagina",89,"1,68662",0,0,"0",0,"0",3877,0,10,0,"0,07","0,05",FALSE,"Moderately-researched",94,NA,"Published literature and clinical trials"
"Paget's disease of vulva and vagina",145,"0,04762",0,0,"0",0,"0",2740,0,11,0,"0,07","0,32",FALSE,"Moderately-researched",95,NA,"Published literature and clinical trials"
"Transitional cell carcinoma of prostate",83,"0,06128",0,0,"0",0,"0",2675,0,58,0,"0,07","0,28",FALSE,"Moderately-researched",96,NA,"Published literature and clinical trials"
"Squamous cell carcinoma with variants of penis",81,"0,61574",0,0,"0",0,"0",1801,0,19,0,"0,07","0,09",FALSE,"Moderately-researched",97,NA,"Published literature and clinical trials"
"Squamous cell carcinoma with variants of kidney",71,"0,03402",0,0,"0",0,"0",3735,0,0,0,"0,07","0,38",FALSE,"Moderately-researched",98,NA,"Only published literature"
"Transitional cell carcinoma of pelvis and ureter",80,"1,41066",1,1,"1",0,"0",789,12,1,0,"0,07","0,06",FALSE,"Moderately-researched",99,NA,"Full research"
"Malignant melanoma of mucosa and extracutaneous",150,"0,14548",1,0,"0",0,"0",2010,2,0,0,"0,07","0,18",FALSE,"Moderately-researched",100,NA,"Published literature and orphan designations"
"Odontogenic malignant tumours",171,"0,0044",0,0,"0",0,"0",2631,0,0,0,"0,07","1,06",FALSE,"Moderately-researched",101,NA,"Only published literature"
"Seminomatous germ cell tumors",122,"0,0083",0,0,"0",0,"0",1237,0,110,0,"0,07","0,77",FALSE,"Moderately-researched",102,NA,"Published literature and clinical trials"
"Embryonal rhabdomyosarcoma of soft tissue",146,"0,05337",0,0,"0",0,"0",3455,0,12,0,"0,07","0,3",FALSE,"Moderately-researched",103,NA,"Published literature and clinical trials"
"Alveolar rhabdomyosarcoma of soft tissue",38,"0,03313",0,0,"0",0,"0",2428,0,12,0,"0,07","0,38",FALSE,"Moderately-researched",104,NA,"Published literature and clinical trials"
"Well differentiated functioning endocrine carcinoma of pancreas and digestive tract",95,"0,02624",0,0,"0",0,"0",5236,0,4,0,"0,07","0,43",FALSE,"Moderately-researched",105,NA,"Published literature and clinical trials"
"Embryonal tumors of CNS",137,"0,19801",3,0,"0",1,"0,33",2164,0,57,0,"0,07","0,16",FALSE,"Moderately-researched",106,NA,"All except marketing authorisations"
"Mast cell tumour",127,"0,02943",0,0,"0",0,"0",2570,0,0,0,"0,07","0,41",FALSE,"Moderately-researched",107,NA,"Only published literature"
"Histiocytic malignancies",164,"0,04187",0,0,"0",0,"0",1869,0,6,0,"0,07","0,34",FALSE,"Moderately-researched",108,NA,"Published literature and clinical trials"
"Salivary gland type tumours of head and neck",155,"0,4303",0,0,"0",0,"0",653,0,0,0,"0,06","0,09",FALSE,"Under-researched",109,NA,"Only published literature"
"Undifferentiated carcinoma of stomach",115,"0,21065",0,0,"0",0,"0",998,0,4,0,"0,06","0,13",FALSE,"Under-researched",110,NA,"Published literature and clinical trials"
"Squamous cell carcinoma with variants of small intestine",69,"0,00849",0,0,"0",0,"0",625,0,0,0,"0,06","0,65",FALSE,"Under-researched",111,NA,"Only published literature"
"Fibromixoma and low grade mucinous adenocarcinoma (pseudomixoma peritonei) of the appendix",9,"0,10686",0,0,"0",0,"0",1045,0,1,0,"0,06","0,18",FALSE,"Under-researched",112,NA,"Published literature and clinical trials"
"Squamous cell carcinoma with variants of rectum",84,"0,1126",0,0,"0",0,"0",1191,0,1,0,"0,06","0,18",FALSE,"Under-researched",113,NA,"Published literature and clinical trials"
"Adenocarcinoma with variants of anal canal",8,"0,25342",0,0,"0",0,"0",1164,0,0,0,"0,06","0,12",FALSE,"Under-researched",114,NA,"Only published literature"
"Squamous cell carcinoma with variants of  pancreas",78,"0,02304",0,0,"0",0,"0",830,0,4,0,"0,06","0,4",FALSE,"Under-researched",115,NA,"Published literature and clinical trials"
"Acinar cell carcinoma of pancreas",3,"0,02866",0,0,"0",0,"0",1253,0,12,0,"0,06","0,35",FALSE,"Under-researched",116,NA,"Published literature and clinical trials"
"Mucinous cystadenocarcinoma of pancreas",142,"0,00696",0,0,"0",0,"0",573,0,2,0,"0,06","0,72",FALSE,"Under-researched",117,NA,"Published literature and clinical trials"
"Solid pseudopapillary carcinoma of pancreas",112,"0,00281",0,0,"0",0,"0",1748,0,1,0,"0,06","1,13",FALSE,"Under-researched",118,NA,"Published literature and clinical trials"
"Hepatocellular carcinoma of Liver and IBT",104,"3,22112",0,0,"0",0,"0",1437,0,8,0,"0,06","0,03",FALSE,"Under-researched",119,NA,"Published literature and clinical trials"
"Adenocarcinoma with variants of liver and IBT",20,"0,41217",0,0,"0",0,"0",1070,0,2,0,"0,06","0,09",FALSE,"Under-researched",120,NA,"Published literature and clinical trials"
"Squamous cell carcinoma with variants of trachea",87,"0,06492",0,0,"0",0,"0",1063,0,0,0,"0,06","0,24",FALSE,"Under-researched",121,NA,"Only published literature"
"Adenocarcinoma with variants of trachea",30,"0,01047",0,0,"0",0,"0",1199,0,0,0,"0,06","0,59",FALSE,"Under-researched",122,NA,"Only published literature"
"Adenosquamous carcinoma of lung",34,"0,29408",0,0,"0",0,"0",1207,0,10,0,"0,06","0,11",FALSE,"Under-researched",123,NA,"Published literature and clinical trials"
"Sarcomatoid carcinoma of lung",107,"0,20778",0,0,"0",0,"0",904,0,6,0,"0,06","0,13",FALSE,"Under-researched",124,NA,"Published literature and clinical trials"
"Squamous cell carcinoma of thymus",86,"0,00728",0,0,"0",0,"0",695,0,0,0,"0,06","0,7",FALSE,"Under-researched",125,NA,"Only published literature"
"Adenocarcinoma with variants of thymus",29,"0,00287",0,0,"0",0,"0",1583,0,0,0,"0,06","1,12",FALSE,"Under-researched",126,NA,"Only published literature"
"Mammary Paget’s disease of breast",50,"0,41415",0,0,"0",0,"0",724,0,1,0,"0,06","0,09",FALSE,"Under-researched",127,NA,"Published literature and clinical trials"
"Metaplastic carcinoma of breast",49,"0,1006",0,0,"0",0,"0",1407,0,3,0,"0,06","0,19",FALSE,"Under-researched",128,NA,"Published literature and clinical trials"
"Epithelial tumour of male breast",51,"1,05939",0,0,"0",0,"0",1473,0,1,0,"0,06","0,06",FALSE,"Under-researched",129,NA,"Published literature and clinical trials"
"Mullerian mixed tumour",179,"0,40062",0,0,"0",0,"0",1103,0,0,0,"0,06","0,09",FALSE,"Under-researched",130,NA,"Only published literature"
"Mucinous adenocarcinoma of ovary",22,"0,77022",0,0,"0",0,"0",1300,0,23,0,"0,06","0,07",FALSE,"Under-researched",131,NA,"Published literature and clinical trials"
"Clear cell adenocarcinoma of ovary",14,"0,3034",0,0,"0",0,"0",790,0,38,0,"0,06","0,11",FALSE,"Under-researched",132,NA,"Published literature and clinical trials"
"Sex cord tumours of ovary",140,"0,12805",0,0,"0",0,"0",907,0,0,0,"0,06","0,17",FALSE,"Under-researched",133,NA,"Only published literature"
"Adenocarcinoma with variants of vulva and vagina",32,"0,07149",0,0,"0",0,"0",1691,0,1,0,"0,06","0,22",FALSE,"Moderately-researched",134,NA,"Published literature and clinical trials"
"Basal cell adenocarcinoma of prostate",10,"0,00779",0,0,"0",0,"0",724,0,0,0,"0,06","0,68",FALSE,"Moderately-researched",135,NA,"Only published literature"
"Non seminomatous testicular cancer",56,"1,26614",0,0,"0",0,"0",1027,0,3,0,"0,06","0,05",FALSE,"Moderately-researched",136,NA,"Published literature and clinical trials"
"Teratoma with malignant transformation",173,"0,00128",0,0,"0",0,"0",1541,0,0,0,"0,06","1,68",FALSE,"Moderately-researched",137,NA,"Only published literature"
"Testicular sex cord cancer",55,"0,0217",0,0,"0",0,"0",626,0,6,0,"0,06","0,41",FALSE,"Moderately-researched",138,NA,"Published literature and clinical trials"
"Adenocarcinoma with variants of penis",28,"0,00562",0,0,"0",0,"0",761,0,0,0,"0,06","0,8",FALSE,"Moderately-researched",139,NA,"Only published literature"
"Transitional cell carcinoma of urethra",90,"0,08873",0,0,"0",0,"0",749,0,0,0,"0,06","0,2",FALSE,"Moderately-researched",140,NA,"Only published literature"
"Adenocarcinoma with variants of urethra",31,"0,01213",0,0,"0",0,"0",877,0,0,0,"0,06","0,54",FALSE,"Moderately-researched",141,NA,"Only published literature"
"Squamous cell carcinoma with variants middle ear",65,"0,02407",0,0,"0",0,"0",1548,0,0,0,"0,06","0,39",FALSE,"Moderately-researched",142,NA,"Only published literature"
"Adenocarcinoma with variants of middle ear",16,"0,00319",0,0,"0",0,"0",830,0,0,0,"0,06","1,06",FALSE,"Moderately-researched",143,NA,"Only published literature"
"Adnexal carcinoma of skin",36,"0,299",0,0,"0",0,"0",1572,0,2,0,"0,06","0,11",FALSE,"Moderately-researched",144,NA,"Published literature and clinical trials"
"Pleuropulmonary blastoma",47,"0,00057",0,0,"0",0,"0",1010,0,3,0,"0,06","2,51",FALSE,"Moderately-researched",145,NA,"Published literature and clinical trials"
"Olfactory neuroblastoma",184,"0,03179",0,0,"0",0,"0",1505,0,5,0,"0,06","0,34",FALSE,"Moderately-researched",146,NA,"Published literature and clinical trials"
"Non seminomatous germ cell tumours",120,"0,05841",0,0,"0",0,"0",1340,0,9,0,"0,06","0,25",FALSE,"Moderately-researched",147,NA,"Published literature and clinical trials"
"Germ cell tumors of Central Nervous System (CNS)",119,"0,03664",4,0,"0",0,"0",327,0,21,0,"0,06","0,31",FALSE,"Moderately-researched",148,NA,"All except marketing authorisations"
"Ewing’s sarcoma of soft tissue",149,"0,06371",0,0,"0",0,"0",600,0,7,0,"0,06","0,24",FALSE,"Moderately-researched",149,NA,"Published literature and clinical trials"
"Epithelial tumours, adamantinoma",6,"0,0136",0,0,"0",0,"0",934,0,0,0,"0,06","0,51",FALSE,"Moderately-researched",150,NA,"Only published literature"
"Typical and atypical carcinoid of the lung",42,"0,39322",0,0,"0",0,"0",826,0,0,0,"0,06","0,1",FALSE,"Moderately-researched",151,NA,"Only published literature"
"Oligodendroglial tumours of CNS",139,"0,39245",0,0,"0",0,"0",1463,0,2,0,"0,06","0,1",FALSE,"Moderately-researched",152,NA,"Published literature and clinical trials"
"Ependymal tumours of CNS",138,"0,20503",0,0,"0",0,"0",1473,0,1,0,"0,06","0,13",FALSE,"Moderately-researched",153,NA,"Published literature and clinical trials"
"Choroid plexus carcinoma of CNS",93,"0,00626",0,0,"0",0,"0",813,0,12,0,"0,06","0,76",FALSE,"Moderately-researched",154,NA,"Published literature and clinical trials"
"Hodgkin lymphoma nodular lymphocyte predominance",165,"0,09467",0,0,"0",0,"0",1198,0,11,0,"0,06","0,2",FALSE,"Moderately-researched",155,NA,"Published literature and clinical trials"
"Atypical chronic myeloid leukemia BCR/ABL negative",1,"0,01526",0,0,"0",0,"0",1111,0,33,0,"0,06","0,49",FALSE,"Moderately-researched",156,NA,"Published literature and clinical trials"
"Squamous cell carcinoma with variants of nasal cavity and sinuses",58,"0,34885",0,0,"0",0,"0",349,0,2,0,"0,05","0,08",FALSE,"Under-researched",157,NA,"Published literature and clinical trials"
"Squamous cell carcinoma with variants of anal canal",39,"0,81011",0,0,"0",0,"0",170,0,21,0,"0,05","0,06",FALSE,"Under-researched",158,NA,"Published literature and clinical trials"
"Serous cystadenocarcinoma of pancreas",143,"0,00026",0,0,"0",0,"0",254,0,1,0,"0,05","3,1",FALSE,"Under-researched",159,NA,"Published literature and clinical trials"
"Bile duct cystadenocarcinoma of IBT",43,"0,00243",0,0,"0",0,"0",355,0,0,0,"0,05","1,01",FALSE,"Under-researched",160,NA,"Only published literature"
"Adenocarcinoma with variants of gallbladder",19,"1,34594",0,0,"0",0,"0",283,0,15,0,"0,05","0,04",FALSE,"Under-researched",161,NA,"Published literature and clinical trials"
"Adenocarcinoma with variants of EBT",17,"1,4369",0,0,"0",0,"0",283,0,0,0,"0,05","0,04",FALSE,"Under-researched",162,NA,"Only published literature"
"Salivary gland type tumours of lung",156,"0,05611",0,0,"0",0,"0",362,0,0,0,"0,05","0,21",FALSE,"Under-researched",163,NA,"Only published literature"
"Salivary gland type tumours of breast",52,"0,05541",0,0,"0",0,"0",246,0,0,0,"0,05","0,21",FALSE,"Under-researched",164,NA,"Only published literature"
"Adenoid cystic carcinoma of corpus uteri",33,"0,00032",7,0,"0",0,"0",47,0,44,2,"0,05","2,8",FALSE,"Under-researched",165,NA,"All except marketing authorisations"
"Undifferentiated carcinoma of vulva and vagina",117,"0,00543",0,0,"0",0,"0",443,0,0,0,"0,05","0,68",FALSE,"Under-researched",166,NA,"Only published literature"
"Spermatocytic seminoma",198,"0,03204",0,0,"0",0,"0",388,0,0,0,"0,05","0,28",FALSE,"Under-researched",167,NA,"Only published literature"
"Adenocarcinoma with variants of pelvis and ureter",27,"0,02081",0,0,"0",0,"0",236,0,0,0,"0,05","0,35",FALSE,"Under-researched",168,NA,"Only published literature"
"Squamous cell carcinoma with variants of urethra",88,"0,021",0,0,"0",0,"0",521,0,0,0,"0,05","0,35",FALSE,"Under-researched",169,NA,"Only published literature"
"Pancreatoblastoma",186,"0,00249",0,0,"0",0,"0",380,0,0,0,"0,05","1",FALSE,"Under-researched",170,NA,"Only published literature"
"Other myelodysplastic syndrome",180,"2,14111",0,0,"0",0,"0",191,0,1,0,"0,05","0,03",FALSE,"Under-researched",171,NA,"Published literature and clinical trials"
"Undifferentiated carcinoma of nasal cavity and sinuses",61,"0,01826",0,0,"0",0,"0",101,0,0,0,"0,04","0,3",FALSE,"Under-researched",172,NA,"Only published literature"
"Papillary adenocarcinoma of nasopharynx",23,"0,00038",0,0,"0",0,"0",71,0,0,0,"0,04","2,05",FALSE,"Under-researched",173,NA,"Only published literature"
"Salivary gland-type tumours of stomach",158,"0,00249",0,0,"0",0,"0",65,0,0,0,"0,04","0,8",FALSE,"Under-researched",174,NA,"Only published literature"
"Carcinoma with osteoclast-like giant cells of  pancreas",91,"0,00121",0,0,"0",0,"0",126,0,0,0,"0,04","1,15",FALSE,"Under-researched",175,NA,"Only published literature"
"Undifferentiated carcinoma of thymus",116,"0,0023",0,0,"0",0,"0",114,0,0,0,"0,04","0,83",FALSE,"Under-researched",176,NA,"Only published literature"
"Squamous cell carcinoma with variants of corpus uteri",64,"0,06403",0,0,"0",0,"0",105,0,6,0,"0,04","0,16",FALSE,"Under-researched",177,NA,"Published literature and clinical trials"
"Paratesticular adenocarcinoma with variants",26,"0,0014",0,0,"0",0,"0",73,0,0,0,"0,04","1,07",FALSE,"Under-researched",178,NA,"Only published literature"
"Squamous cell carcinoma with variants of pelvis and ureter",79,"0,02375",0,0,"0",0,"0",120,0,1,0,"0,04","0,26",FALSE,"Under-researched",179,NA,"Published literature and clinical trials"
"Salivary gland type tumours of oesophagus",157,"0,00402",0,0,"0",0,"0",20,0,0,0,"0,03","0,47",FALSE,"Under-researched",180,NA,"Only published literature"
"Salivary gland type tumours of trachea",159,"0,01117",0,0,"0",0,"0",48,0,0,0,"0,03","0,28",FALSE,"Under-researched",181,NA,"Only published literature"
"Lymphoepithelial carcinoma of thymus",108,"0,00077",0,0,"0",0,"0",40,0,0,0,"0,03","1,08",FALSE,"Under-researched",182,NA,"Only published literature"
"Clear cell adenocarcinoma, NOS",13,"0,16131",0,0,"0",0,"0",35,0,0,0,"0,03","0,07",FALSE,"Under-researched",183,NA,"Only published literature"
"Undifferentiated carcinoma of cervix uteri",92,"0,03064",0,0,"0",0,"0",56,0,0,0,"0,03","0,17",FALSE,"Under-researched",184,NA,"Only published literature"
"Mullerian mixed tumour of cervix uteri",128,"0,01641",0,0,"0",0,"0",40,0,1,0,"0,03","0,23",FALSE,"Under-researched",185,NA,"Published literature and clinical trials"
"Infiltrating duct carcinoma of prostate",98,"0,51476",0,0,"0",0,"0",26,0,0,0,"0,03","0,04",FALSE,"Under-researched",186,NA,"Only published literature"
"Squamous cell carcinoma with variants of bladder",44,"0,3553",0,0,"0",0,"0",38,0,12,0,"0,03","0,05",FALSE,"Under-researched",187,NA,"Published literature and clinical trials"
"Salivary gland type tumours of bladder",46,"0,00045",0,0,"0",0,"0",19,0,0,0,"0,03","1,41",FALSE,"Under-researched",188,NA,"Only published literature"
"Squamous cell carcinoma with variants of eye and adnexa",35,"0,02687",0,0,"0",0,"0",55,0,0,0,"0,03","0,18",FALSE,"Under-researched",189,"Bottom 10","Only published literature"
"Adenocarcinoma with variants of eye and adnexa",7,"0,00855",0,0,"0",0,"0",44,0,0,0,"0,03","0,32",FALSE,"Under-researched",190,"Bottom 10","Only published literature"
"Lymphoepithelial carcinoma of nasal cavity and sinuses",60,"0,00198",0,0,"0",0,"0",5,0,0,0,"0,02","0,45",FALSE,"Under-researched",191,"Bottom 10","Only published literature"
"Squamous cell carcinoma of gallbladder and EBT",66,"0,03166",0,0,"0",0,"0",11,0,1,0,"0,02","0,11",FALSE,"Under-researched",192,"Bottom 10","Published literature and clinical trials"
"Squamous cell carcinoma spindle cell type of kidney",70,"0,01213",0,0,"0",0,"0",8,0,0,0,"0,02","0,18",FALSE,"Under-researched",193,"Bottom 10","Only published literature"
"Undifferentiated carcinoma of liver and IBT",105,"0,01532",0,0,"0",0,"0",2,0,0,0,"0,01","0,08",FALSE,"Under-researched",194,"Bottom 10","Only published literature"
"Squamous cell carcinoma with variants of liver and IBT",68,"0,00938",0,0,"0",0,"0",4,0,0,0,"0,01","0,1",FALSE,"Under-researched",195,"Bottom 10","Only published literature"
"Mixed endocrine-exocrine carcinoma of pancreas and digestive tract",97,"0,00938",0,0,"0",0,"0",2,0,0,0,"0,01","0,1",FALSE,"Under-researched",196,"Bottom 10","Only published literature"
"Intestinal typeadenocarcinoma of nasal cavity and sinuses",118,"0,00268",0,0,"0",0,"0",0,0,0,0,"0","0",TRUE,"Non-researched",197,"Bottom 10","None"
"Mullerian mixed tumour of ovary",178,"0,14395",0,0,"0",0,"0",0,0,30,0,"0","0",FALSE,"Under-researched",198,"Bottom 10","Only clinical trials"
